,PC1,PC2,PC3,PC4,PC5,PC6,PC7,PC8,PC9,PC10,PC11,PC12,PC13,PC14,PC15,PC16,PC17,PC18,PC19,PC20,PC21,PC22,PC23,PC24,PC25,PC26,PC27,PC28,PC29,PC30,PC31,PC32,PC33,PC34
MU,0.7412422235507603,0.004559433358543497,0.2681814126795803,-0.14163467199698368,0.05793735265418305,0.2865539557324083,-0.4017171943683618,-0.12468452957878756,-0.15085582627080413,-0.11167918753377382,0.016725304016930106,0.030176853799169425,-0.11441104645847232,-0.0666517701180075,0.09493010710843496,0.08731015311573864,-0.007990470725038827,0.05068796998168733,0.15147386927529563,-3.222642483353349e-18,1.1758422162720634e-18,0.0,-2.7619451836035153e-18,-2.1775186783386704e-18,-8.984446146595908e-19,-8.621987480016969e-20,0.0,-0.0,0.0,-0.0,0.0,0.0,-0.0,-0.0
SK Hynix,0.4919694857204791,-0.27370633176586134,-0.19648487969069114,0.5520384891423087,0.1940014535465087,0.35429224067871185,-0.030471765172467614,0.06002322770306933,-0.35729236473068826,0.01887623992284597,-0.12864438794651067,0.003058472334848742,-0.0534457103751671,-0.07146344447371164,0.014534447878634948,-0.11910710605696484,-0.037787237877776304,-0.030111313358712383,0.05233095735309365,3.7443641964925885e-09,-7.746780489729738e-09,4.874985623195759e-10,-9.11526978834699e-10,-6.085455071434702e-10,3.2955604425266427e-09,3.266105684884193e-10,-0.0,0.0,-0.0,0.0,-0.0,-0.0,0.0,0.0
Samsung,0.435539705445333,0.022974767128397595,-0.3089211352768659,0.6305612476294639,-0.16499010998047842,0.28183967993492254,0.01981649826854642,0.07498666137758304,-0.3399463680064019,-0.043037863668077436,0.12054173137292351,0.10290201222459988,0.24106771004058977,-0.04270672460194661,-0.020178043854330648,-0.0027626545774196865,-0.019775546720405497,-0.020450458033524126,-0.0192360952201439,-7.032276162790536e-09,4.489189357205748e-09,-6.305944137262748e-09,-2.148231203952963e-09,2.119817241922507e-09,-4.314934994417856e-09,2.686303531832571e-10,0.0,-0.0,0.0,-0.0,-0.0,0.0,-0.0,-0.0
SNDK,0.5122061059285109,-0.0342162368232317,0.33419929401880566,-0.43335304581103945,0.135371345788429,0.3279358845567369,-0.3521847679883775,0.08469051879760038,-0.13956699444704457,0.024270317383106352,0.17760118436504144,-0.20165786761164373,0.07004158303378136,0.22163264722238873,-0.15237470319557073,-0.060736618930096326,0.03436897639162976,0.06903396880003465,0.02755642796972927,8.045780021983851e-10,-1.1055940023460601e-09,-3.90703323473558e-09,-6.635262143121807e-11,-3.8464434427567e-09,2.8751980835095246e-09,5.118212961895032e-11,-0.0,0.0,0.0,-0.0,0.0,0.0,-0.0,0.0
NVDA,0.43038329188355634,0.17886009099335845,-0.08154043637599673,0.7368098987365072,-0.1391115525939555,-0.19000668139071614,-0.08515511009284574,-0.014537169239197078,0.2432810303066104,-0.24324950570911055,0.11805677032136128,0.0402533693590451,-0.024783343984945135,0.02894405582424127,-0.06185714997025425,0.007025410245959619,0.17118349301780203,-0.007484768516386616,0.04151111581546099,3.6758309969034147e-09,-3.858918153962089e-09,2.347586127866438e-09,1.8014576027191612e-09,-8.150665811920706e-09,1.5463400605576423e-09,-1.1710313912455655e-09,0.0,0.0,-0.0,-0.0,-0.0,-0.0,-0.0,0.0
AMD,0.7379821899448352,0.5319090509733758,-0.02179332401666295,0.10935759185417002,-0.133935035564097,0.090520448775379,0.018327649567987974,-0.09564949863060931,0.2747049339042372,0.0479667568642266,-0.024406610844448954,-0.12292781450429253,-0.02899119584612028,0.038134210616299645,-0.07530377205232117,-0.024096944324933728,-0.13915168839847888,0.05272821759127113,-0.015611404015139782,-3.878959281831137e-09,-7.184228813923842e-09,-4.705290052206822e-09,6.445337554867259e-09,2.251390749107752e-09,5.60993579675633e-09,4.783412131354367e-10,0.0,-0.0,0.0,0.0,-0.0,-0.0,-0.0,-0.0
AVGO,0.5448129214448727,0.3022404447156375,0.32909254093186535,-0.04250706458659396,-0.15804792818790708,-0.21822088742340065,-0.0952367573031718,0.4196294160639199,-0.04788609154720724,-0.3410247606391895,0.09847264255984922,-0.041595129381625795,-0.04293829255599913,-0.27522933140302885,-0.17805468443714648,0.020972608022968242,-0.00994734297908823,-0.009153965894732628,0.06343125681251935,-5.387889387699242e-09,5.206942995119759e-10,3.622538155339212e-09,4.1128628430969025e-10,4.875748193370519e-09,-9.895365291634666e-10,-2.624905454231484e-10,-0.0,-0.0,0.0,0.0,0.0,-0.0,-0.0,0.0
MRVL,0.7544881386790693,0.10920912501388327,0.24162230800881818,-0.22292705109896746,0.013923176534492921,-0.3279880037482284,-0.16987835044104524,-0.07422533061809984,0.09712496483640895,-0.00945366045392472,-0.21028941790209546,0.1740523509562097,0.12951582993652233,0.15408487221572742,-0.020577432964992228,-0.15106478327630915,0.07081524448867137,-0.10599195590363691,0.06750618422244008,-9.716148649439254e-10,-8.318565552401465e-09,-2.795546554485389e-09,-7.06350783411753e-09,9.029956991342597e-09,-1.1004872091061461e-09,-4.2016337777157956e-11,0.0,-0.0,-0.0,-0.0,-0.0,0.0,-0.0,0.0
CRDO,0.6072438382572026,-0.1696172929486697,0.1367634476460978,-0.34104754637625095,-0.3182633794456352,0.22504628027404946,0.4753224271130738,-0.12477676576643143,0.04111160341807528,-0.10441470782885362,-0.04967143078767344,0.18600002718143602,-0.038385364077258455,0.05823714158354602,0.06464568135400324,-0.027340820192304483,0.11945401410594429,0.007877962866799988,-0.01582409225742075,-9.09641065802534e-09,-4.112233878436583e-09,5.740593556939228e-09,4.102594368155314e-09,-1.0283654890040431e-09,2.444593381144694e-09,-8.909007517819593e-10,-0.0,-0.0,0.0,-0.0,0.0,-0.0,0.0,-0.0
INTC,0.7156224943519603,0.20231785018393808,0.314148086932955,-0.25136629883486994,0.03629880616275604,0.23629584569282616,-0.0012089105103883964,-0.1716373834456081,0.21153949682929593,-0.0862113296273767,0.09100299290753748,-0.20093807432791844,0.14682857777062547,-0.12983044507228947,-0.058797534191814806,0.1732640618246745,0.09656172605668178,-0.05066329499405485,-0.11765037062609379,1.9518392418004534e-09,-2.371203760001504e-09,-2.837780123088885e-09,-3.193255591034433e-09,1.948021460533331e-09,-2.277634715202555e-09,3.981869501705069e-10,-0.0,0.0,-0.0,0.0,-0.0,-0.0,0.0,-0.0
QCOM,0.430787276706102,0.119931549761653,0.5622271057851942,-0.02828636960463635,-0.03261789694017986,0.20048352958280957,0.3489829963602616,-0.22059853210617866,-0.03337865792772991,0.4360482580582246,-0.025640893225004745,-0.13730296248191187,0.09742552934688496,-0.1841743074644884,-0.02767099847134312,-0.0912356117614796,-0.06158605628577642,-0.0539773663085366,0.03819928901040496,2.881832878712114e-10,-3.194039083548222e-09,4.363919073797938e-09,-2.8466871489808446e-09,-3.755685067503112e-09,-1.1595340333738979e-09,-3.6164896867598364e-10,0.0,0.0,0.0,-0.0,0.0,-0.0,-0.0,-0.0
AMAT,0.8565732267843191,0.20140437652350954,0.21467763567051515,-0.12831389711717656,-0.09877546903003179,-0.10377061295290634,-0.16182570919154146,0.007194300988127149,-0.001198152741390301,0.11337039448535967,0.043139252970951295,-0.11810762599757789,-0.2244808198138598,0.026304498368892974,0.16342090976867318,-0.05550110632373486,0.05264691853568339,-0.061527208830345015,0.017637284811116646,5.8436034253892015e-09,1.3133005367687128e-08,-4.85230336472253e-09,-1.4448246956691392e-09,-3.913077887025436e-09,-3.3179597295682384e-09,-4.516358298011363e-10,0.0,-0.0,0.0,0.0,-0.0,-0.0,0.0,0.0
LRCX,0.8907303572648205,0.3328760853043048,-0.028114465358528466,0.016649075217824383,-0.02397722164210266,-0.014613901075642293,-0.021900657840485234,0.004860831952917571,-0.13945986321064416,0.06310238914172116,0.05878674217527753,0.051442929871047684,0.05854712005961744,-0.04102968352875271,0.18825113443585284,-0.04207537908404708,0.09644757339180679,0.09229009233060936,-0.0613249044168543,-1.3948392401424294e-08,-1.3968251302137934e-09,1.810888019906779e-09,-5.700828021999276e-09,-4.547647563296034e-09,1.4269141943575507e-10,4.6120149765967437e-10,-0.0,-0.0,-0.0,0.0,0.0,0.0,-0.0,0.0
KLAC,0.7741640184115033,0.4356547125121066,0.2082092825191503,0.07477243586661379,-0.1106285178246507,-0.17057066199172302,-0.17272663467340324,-0.07244954356336644,-0.06686486782442548,-0.060173528823598506,-0.08763741920579182,0.1604223969656335,-0.060606547800253874,0.05820004782970176,0.07523202455132526,0.04160346586404286,-0.14970844244298462,-0.006214337510303375,-0.084301883474353,-4.477409850556487e-09,4.0477098074189815e-09,-7.033043641013631e-10,6.796403594260098e-09,1.3848032995211857e-09,1.3425667935648594e-09,-6.969508506851407e-11,0.0,0.0,0.0,0.0,0.0,0.0,0.0,0.0
LITE,0.5006136973772843,-0.7957702510452322,0.12442807874893906,-0.08558513952535951,0.04899532360121054,0.12135662985787303,0.12979873631522373,0.04110211148764406,-0.0921479995390048,0.012104083583031994,0.12556029687484818,0.016834559417654407,0.10176834596590138,0.10516157596258517,-0.04739595958649925,0.03649367486018289,0.01505702791453891,-0.08308329939262998,0.029212690398434885,-6.07207832640455e-09,1.534548045884034e-08,3.3223967433644086e-09,6.819512785303795e-09,4.1728669666626305e-09,3.65438662349463e-09,-1.0718004345151054e-10,0.0,-0.0,-0.0,0.0,-0.0,-0.0,-0.0,0.0
COHR,0.8095609373065983,-0.5182464562203947,-0.04181470945448161,0.07636991554642382,0.12008534229759538,-0.08711306087841189,0.006596914432926095,0.011429643131189387,0.16011006199795255,0.007326356659250064,-0.06283949614859494,-0.04888659974682269,0.041943333968971104,-0.034566372861281884,-0.05204699676506512,0.02263298056086064,-0.08433667428215855,-0.03054091346425542,0.004391374932720688,2.6669875284137687e-09,7.527252478620627e-10,1.6485167972290302e-08,-7.774129387715881e-11,-3.551858325163047e-09,-1.622918575658038e-10,4.8678179031438e-10,0.0,-0.0,0.0,0.0,-0.0,0.0,0.0,-0.0
AAOI,0.5019810154319005,-0.6785810582856184,-0.13235172159989111,-0.07834617360114485,0.11972889305326483,0.032864684791588515,0.11225335886019153,-0.0064530469260095855,0.2473441662407676,0.182249666962978,-0.11054688228068457,0.22090066300897018,0.12546856511482693,-0.10973053917135708,0.034933165573061774,0.19806240009247342,0.016349058540761102,0.07224607605541654,0.08184973535283785,3.328274457348278e-09,-8.313526299377679e-10,-1.0629622091265062e-08,-9.517986193019562e-10,-9.376403815492401e-11,8.777943496871353e-10,-6.114313422682179e-10,-0.0,0.0,0.0,0.0,0.0,0.0,-0.0,0.0
VRT,0.6805908460138409,-0.4380534998397771,-0.09815343246398053,0.1504704914517261,-0.2652152469428423,-0.04289637475828454,0.06374563026506073,0.2167318990615024,0.07311409787783449,0.2737808007509913,0.14647262418873655,-0.026062245708248433,-0.25439717320140154,-0.022110658469532817,0.029159060295305014,-0.06271365171809382,0.06863280374325396,0.09735891600106722,-0.05291478319059584,6.7017757705281105e-09,4.75546483865511e-10,4.307887295173401e-09,-4.045414037840238e-09,9.769767281099702e-09,1.3514162009713144e-10,3.4101100147559033e-10,-0.0,0.0,0.0,-0.0,-0.0,-0.0,-0.0,-0.0
BE,0.7394693966425471,-0.38548078466062047,-0.0459066836666761,-0.14742730685644076,0.09393534209156587,-0.2933956679584022,0.1819199830976047,0.030938781711937858,-0.05554838796316661,-0.3201765045239744,0.04314877435025055,0.039247879040196054,0.17312293122570635,0.07874293136456137,0.01928677847830406,-0.029644945744436917,-0.005728069707845784,0.07012877010520846,-0.020393630885721634,8.96497253771795e-09,3.5273036438205974e-10,1.3013853381263535e-09,-4.0353399902403005e-09,-3.791431530333443e-09,1.765130391168775e-10,1.8409444488701935e-09,0.0,0.0,0.0,0.0,0.0,-0.0,0.0,-0.0
ENPH,0.4303695813631851,-0.07457003546093864,0.026766828906376338,-0.2022649360647538,0.35888030230701584,-0.49559748460340275,0.2400818304993501,0.2746449310863999,-0.18186089461994664,0.2376911103265778,0.3631924136369963,0.09994847582718594,-0.11819448888234624,0.03381938500845095,-0.010022998164520982,0.07430031222525434,-0.05558595248860635,-0.0676532380077065,0.015568700546631824,-4.0828942156676365e-09,-1.0894660288358292e-08,-4.293337670243937e-09,4.516200521851247e-09,-3.998536596909179e-09,-2.0682745470711786e-09,2.282185459229456e-10,-0.0,-0.0,-0.0,-0.0,-0.0,0.0,0.0,-0.0
CRWD,-0.2865537714476054,0.13536456242312203,0.76921806325997,0.3221947030262627,0.02443582963583272,-0.1862945225779589,0.13229082327996888,0.0020012652342715673,0.02417920025472314,-0.08900134711328928,0.0292491258387113,-0.13294449004699452,0.2025740120219123,-0.014169641198185978,0.279239490374636,-0.009136754031873777,-0.0030108902353594784,0.04096971927045941,0.05684630069653947,6.1060277565629825e-09,-1.510434688699908e-09,7.707766394977594e-10,9.660785794223651e-09,3.7068292178663103e-09,-5.620443881739512e-10,4.716021356106517e-10,-0.0,-0.0,-0.0,-0.0,-0.0,0.0,-0.0,0.0
DDOG,-0.4216670079000423,-0.016133291613523438,0.5315907945997759,0.3933517062928486,0.22856896380345215,0.31380952197112466,0.1016873520447009,-0.2823157266673485,-0.007979330783168476,-0.01088080704835849,0.2788317965067155,0.13776763947217535,-0.09287031774943978,0.1611715131370651,-0.08280165570341745,0.027138706284934026,0.04956522986585182,0.04774283049687427,-0.004540738058911342,1.079725888382448e-09,-4.655521040127661e-09,3.549052639137026e-09,1.8437926691038092e-09,4.585280964955203e-09,-5.149609976735723e-09,1.0114341746300807e-13,0.0,-0.0,0.0,0.0,0.0,0.0,0.0,0.0
PANW,-0.10887436378885591,-0.014124889705952944,0.6711172929677226,0.554459884775531,0.08706303291788073,-0.3155682512752579,0.16276096553364489,0.19616935709739672,-0.0006022388749745765,0.12309505770090808,-0.02843548140209616,-0.10218489058443948,0.09132599601570607,0.12072706186637241,-0.05177375465577401,0.04182200960486109,-0.04879347256562243,0.03721025694216397,-0.021732013867344222,-3.1847843567137634e-09,5.798760049780434e-09,-2.572108067837988e-09,-1.0513277768117426e-08,-4.774148537406233e-10,4.326567944836313e-09,-1.0948219920798587e-09,-0.0,-0.0,0.0,0.0,0.0,0.0,0.0,-0.0
WDAY,-0.7345289121205806,0.21472732524011215,0.4146646979925985,-0.0921297331092381,-0.05971055235299841,0.13740975763524454,0.20283019504439836,0.28930573760750555,0.051077444651026684,0.04307030508004175,-0.014280667406669336,0.15119767474038576,-0.0060489916956115745,-0.10914029946515569,-0.0568852823744779,-0.12802701701182348,0.15585487777008408,-0.056505965619145435,0.007260754842979334,1.491998734899881e-09,4.383601884545245e-09,-5.682449677045275e-09,3.749444970837562e-09,-2.9693643944513448e-09,3.4210223594717075e-09,1.4178166061493723e-09,-0.0,0.0,0.0,0.0,-0.0,0.0,-0.0,-0.0
TEAM,-0.3756833976487543,0.0317181839260633,0.23605653034387794,-0.21499271228385824,0.0689513812427262,0.4674343397846205,0.05536754251086965,0.5532628226686984,0.3351197418468862,-0.15681000265397224,0.14109558232144612,0.16606097796123712,-0.0003071464356003854,0.0016547277847210626,0.12377046903261298,-0.052557930929821084,-0.14124284730835857,0.03289394497879711,-0.0014959368447697303,-4.195070533826733e-10,-1.3133776299579172e-09,1.0017682279038004e-09,-6.2328783906431525e-09,-7.514599200242269e-10,-1.4946274539829123e-10,-4.4620724069497214e-10,0.0,0.0,-0.0,-0.0,-0.0,-0.0,0.0,0.0
AMZN,0.41380105318653104,0.13531069582666033,-0.1815238390653729,-0.026922254209054253,0.6613308119710022,0.21946108706772488,0.015449462153016276,0.4273525984817976,-0.10673057094821559,-0.0740319755936243,-0.20689607149947123,-0.13345166888175666,0.04635828930123168,0.04970169892339841,0.09590835787267495,0.021399750463997162,0.08072106194575095,-0.05469731927576994,-0.08439533021515627,3.869088698114817e-09,-4.023508275913508e-09,2.3109012514276806e-09,4.227825293547825e-09,2.2004322491037712e-09,-5.624389087015501e-10,-1.1880018777095647e-09,-0.0,-0.0,0.0,0.0,0.0,-0.0,-0.0,-0.0
GOOG,0.3929682080404381,0.3890728789566841,-0.11899677182260804,0.2280977689035467,0.5443184570463013,-0.044621272775760924,-0.31244678246672275,0.043724548259561215,0.2372518824841543,0.3304643223963026,-0.0008796984167474053,0.17819910107894826,0.06772299260202638,-0.10089141534191999,-0.06809269953889037,-0.04325076694500315,0.08472415637078565,0.06363606503071143,-0.021206478716677066,-2.7871287800159566e-10,5.893975533554222e-09,2.071940751687776e-09,5.2050873749230435e-09,1.3837218198782689e-09,1.3434801429701552e-09,4.747820564557571e-10,0.0,-0.0,-0.0,-0.0,0.0,-0.0,0.0,-0.0
TSLA,0.6303398859273842,-0.07026405365048222,0.2404588814821826,0.36225644823982944,0.31268257319089526,0.21842408199724492,0.19143040203620093,-0.1842018423520721,0.23062487487479086,-0.22324535543964363,-0.04963495191370743,0.09912300819386666,-0.24463005255650347,0.016462028580820767,-0.0012665449352325844,0.009142196703251695,-0.0693082255295384,-0.1065535551490103,-0.030924719849338936,1.0407313127033377e-09,3.0845258447194355e-09,-5.986270629882429e-09,-3.829570375878065e-09,-1.3862849776888565e-09,4.64470370817253e-10,8.694473384597859e-10,-0.0,-0.0,-0.0,-0.0,0.0,0.0,-0.0,0.0
DELL,0.24368797239732554,0.43291133839743823,0.37436804512527705,0.05903497030524162,-0.42956430752420915,0.150519788311006,0.017556546669573448,0.3393401658061372,-0.20242672162268965,0.19139916475805815,-0.3349893963734847,0.1687138454203313,-0.03077770462126599,0.14484475472879915,-0.1017016641906648,0.18988055618758354,0.011199823648516913,0.01269496368198747,-0.004637377862161534,6.9558134197534325e-09,-7.806252876139742e-10,3.870430676108655e-09,1.2526204513108829e-09,-2.916242012525492e-09,-2.6405680047460285e-09,6.608892686327288e-10,0.0,-0.0,-0.0,-0.0,-0.0,-0.0,-0.0,0.0
UBER,0.21911866664999435,0.24245210342382126,-0.6015366537559527,0.2527972148325665,-0.3454176385450968,0.1798770100020865,0.0687827185150346,0.2579488181392013,0.31751313267447984,0.1547803661320621,0.1242160984971763,-0.2159412024495181,0.0693820448697685,0.1556092986145407,0.08876592592314546,0.06871086771603603,0.02379436680560298,-0.08755919056400868,0.08843188950849107,-3.4229703749132047e-09,-1.7719225214744255e-09,1.3290804476911705e-10,3.207961602723832e-10,1.1983279043760248e-09,-4.981426729073654e-10,8.534640444553165e-10,0.0,0.0,0.0,0.0,0.0,0.0,0.0,-0.0
IONQ,0.8070525583764425,-0.18835320873258585,-0.16537110683867157,-0.0015952510565286245,-0.1388345065884945,0.0029470368224286613,0.4219868980682681,0.08767018118916974,0.015618987329388488,-0.09827603784145117,-0.11612855159819346,-0.12015172931306307,-0.010237032952395841,-0.0019437227786642589,-0.11127767567325682,-0.14518495776978307,-0.029849731026515867,0.09200389502629856,-0.006802857937582541,4.559540469794331e-09,1.77146383608474e-09,-9.179256698189384e-09,6.809167763221186e-09,-4.2037168223902024e-10,-4.88122456212651e-09,-7.220252989316877e-10,0.0,0.0,-0.0,0.0,0.0,0.0,0.0,-0.0
NKE,0.002862813608570207,0.7262275462439919,-0.25786761925737495,-0.117508323171338,0.4472479479375727,-0.007942747694389277,0.35707150627859263,-0.04772005120531083,0.1328453322481785,-0.033567209474031245,-0.12363332510621881,-0.019723244126497216,-0.009583956482703616,0.08801874044547871,-0.05894607121076224,-0.024675688586528226,-0.015348543055132304,0.0670445078401037,0.10634045954976647,-6.659186240461829e-09,8.466554335886285e-09,4.70138230298997e-09,-2.0045977511032455e-09,-1.6929569702000864e-10,-4.462271798125196e-09,2.5047446971081163e-10,-0.0,0.0,-0.0,0.0,-0.0,-0.0,-0.0,0.0
LULU,0.0642451954558688,0.7031035472667655,-0.2719291795487738,-0.10208576356387564,0.15734115619181263,-0.017511835316471908,0.4950587080535149,-0.10126866041652832,-0.29896110005960946,-0.08771029637969524,0.06462264551134837,-0.062385484136540784,-0.09991696526719537,-0.024358327548727972,0.017856248148940747,0.1251131949667794,0.056518488612249736,0.01580023059724304,0.04022266290998477,6.092806169446364e-09,1.5183486925381597e-09,-2.775354033345385e-10,-4.488363096998685e-09,4.667255788706825e-09,6.129461430953584e-09,6.993396490941559e-11,0.0,0.0,0.0,-0.0,-0.0,0.0,0.0,0.0
AS,0.4024998089679715,0.6905600483271782,-0.29458717240333676,-0.18306333190748725,-0.15548815497447974,0.07771162109022967,0.011940201682587786,-0.10649286623376483,-0.02993280167357829,0.047759974526260636,0.29023560001787424,0.2452505906313768,0.19645114126830898,0.0023770200630189395,-0.00589627725058964,-0.0628876483823506,-0.08450557540478715,-0.04140314986827436,-0.011076836333734272,1.509066369889764e-08,3.558091390213722e-09,3.0348517871328696e-09,-3.9268249888061546e-10,-3.0434738074033367e-12,1.2844734149959195e-09,-9.57241858349273e-10,-0.0,-0.0,-0.0,0.0,0.0,0.0,-0.0,-0.0
