ticker,name,sector,n_detectors,trend,rev_growth_TTM_%,net_margin_%,CFO_TTM,FCF_TTM,TEV/Sales_26E,TEV/EBITDA_26E_est,TEV/FCF_26E_est,PE_26E,TEV/Sales_TTM,PE_TTM,L1M_%,L3M_%,L12M_%
ENPH,"Enphase Energy, Inc.",Technology,6,weak,-20.6,9.6,190996992,91614248,5.1,40.0,78.3,21.7,4.8,52.4,65.5,21.6,9.6
COST,Costco Wholesale Corporation,Consumer Defensive,4,up,21.5,3.0,15011000320,6690375168,1.4,30.5,61.4,46.5,1.6,54.6,6.4,3.1,6.4
EBAY,eBay Inc.,Consumer Cyclical,4,up,19.5,17.6,2172999936,1124125056,4.3,17.5,44.5,17.2,4.7,26.8,13.9,41.4,70.3
FTNT,"Fortinet, Inc.",Technology,4,up,20.1,27.5,2804400128,1813049984,10.1,30.4,39.6,35.8,12.3,47.6,49.0,43.5,18.9
JBHT,"J.B. Hunt Transport Services, I",Industrials,4,up,4.6,5.1,1627117952,829849984,1.9,14.4,27.9,28.9,2.2,40.7,10.2,18.5,79.0
TRGP,"Targa Resources, Inc.",Energy,4,up,-10.2,12.9,3702500096,-318550016,3.4,10.9,,22.8,4.7,27.8,14.0,22.1,65.0
AIZ,"Assurant, Inc.",Financial Services,3,up,11.3,7.6,1681799936,2029737472,0.9,7.1,5.7,11.3,1.0,13.1,13.3,17.5,31.7
CRWD,"CrowdStrike Holdings, Inc.",Technology,3,up,23.3,-3.4,1612349056,1604615040,20.4,,61.1,96.3,30.4,,42.1,38.3,36.3
DDOG,"Datadog, Inc.",Technology,3,up,32.2,3.7,1113216000,936726528,13.5,1428.7,52.8,73.1,19.2,519.9,68.4,66.1,74.6
OKE,"ONEOK, Inc.",Energy,3,up,19.6,10.0,5629000192,454375008,2.4,11.4,188.9,14.9,2.6,16.5,9.6,8.5,12.5
PANW,"Palo Alto Networks, Inc.",Technology,3,up,14.9,13.0,3974000128,2859225088,14.3,92.2,49.5,105.7,19.6,134.9,45.4,45.5,27.2
XOM,Exxon Mobil Corporation,Energy,3,up,2.6,7.8,47722000384,11630499840,1.9,10.9,52.4,15.2,2.1,26.6,4.6,7.1,51.6
KMI,"Kinder Morgan, Inc.",Energy,3,weak,13.8,18.9,6246000128,1646875008,5.9,14.0,63.3,22.0,6.2,22.6,6.8,5.0,27.5
ZS,"Zscaler, Inc.",Technology,2,down,25.9,-2.3,1114038016,1020966656,6.1,,17.9,35.1,8.1,,19.9,-9.4,-34.1
CSCO,"Cisco Systems, Inc.",Technology,2,up,12.0,19.7,13025000448,9671874560,7.1,25.3,44.4,24.9,7.9,39.4,39.9,54.7,97.3
VRSN,"VeriSign, Inc.",Technology,2,up,6.6,50.0,1072200000,807275008,,,,28.9,16.8,32.9,8.7,36.4,9.0
WMB,"Williams Companies, Inc. (The)",Energy,2,up,9.0,23.1,6067999744,-190250000,9.3,16.5,,30.0,10.5,34.1,9.7,8.3,37.9
DXCM,"DexCom, Inc.",Healthcare,1,down,15.0,19.3,1782499968,1056637504,3.9,14.5,17.8,20.2,4.7,26.5,0.7,-12.0,-28.8
IT,"Gartner, Inc.",Technology,1,down,-1.5,11.4,1367891968,1064192896,1.7,8.3,10.4,9.5,1.8,14.4,-6.0,-7.8,-67.2
LW,"Lamb Weston Holdings, Inc.",Consumer Defensive,1,down,2.9,4.6,978600000,596987520,1.6,8.8,17.2,14.7,1.5,20.7,1.7,-10.8,-11.7
AAPL,Apple Inc.,Technology,1,up,16.6,27.2,140222005248,101090746368,8.6,24.2,38.3,31.2,9.8,36.3,14.1,17.5,42.0
APA,APA Corporation,Energy,1,up,-11.9,18.3,4003000064,1691250048,2.3,3.7,11.3,9.4,2.3,9.1,3.5,40.5,123.5
COP,ConocoPhillips,Energy,1,up,-5.3,12.3,17976000512,5289124864,2.5,6.4,28.3,13.6,2.8,20.7,1.4,11.5,37.8
CZR,"Caesars Entertainment, Inc.",Consumer Cyclical,1,up,2.7,-4.2,1288000000,752625024,2.6,8.4,39.2,33.0,2.7,,0.4,53.3,-9.4
DVN,Devon Energy Corporation,Energy,1,up,-0.8,14.2,6424000000,1600499968,1.4,3.3,14.0,9.1,2.4,13.8,8.1,11.4,49.5
EOG,"EOG Resources, Inc.",Energy,1,up,15.6,23.3,10721000448,2864250112,3.0,5.7,25.0,9.7,3.4,13.8,4.6,17.1,25.7
FANG,"Diamondback Energy, Inc.",Energy,1,up,4.2,2.0,8231000064,1397250048,4.6,6.5,47.1,12.0,5.3,207.7,9.7,21.7,45.2
GL,Globe Life Inc.,Financial Services,1,up,5.4,19.4,1385442048,1317225088,2.2,8.1,10.1,9.3,2.4,10.7,3.6,7.7,31.1
HOLX,"Hologic, Inc.",Healthcare,1,up,2.5,13.2,1097699968,848612480,3.8,11.7,18.7,20.1,4.1,31.5,0.4,1.7,23.2
HUM,Humana Inc.,Healthcare,1,up,23.5,0.8,1844000000,1431374976,0.2,6.9,16.3,19.9,0.2,32.6,52.0,66.6,34.5
MO,"Altria Group, Inc.",Consumer Defensive,1,up,5.3,39.5,8894000128,8542875136,7.0,9.0,16.6,12.5,7.0,15.3,12.6,10.5,38.9
NTAP,"NetApp, Inc.",Technology,1,up,4.4,18.1,1792000000,1116000000,3.3,12.5,19.6,14.1,3.5,20.1,15.7,17.7,22.7
OXY,Occidental Petroleum Corporatio,Energy,1,up,-8.3,22.4,9665000448,3033374976,3.3,6.4,22.9,16.1,3.8,80.6,4.8,30.0,39.0
SBUX,Starbucks Corporation,Consumer Cyclical,1,up,8.8,3.9,4345699840,-1304087552,3.7,26.7,,35.3,3.8,81.5,9.2,14.6,27.6
UNP,Union Pacific Corporation,Industrials,1,up,3.2,29.2,9520000000,4034374912,7.0,13.8,43.2,19.8,7.7,22.3,7.8,4.3,21.3
CINF,Cincinnati Financial Corporatio,Financial Services,1,weak,11.6,21.3,3457999872,2748250112,2.0,7.0,9.3,18.1,2.0,9.5,1.9,2.8,16.4
CME,CME Group Inc.,Financial Services,1,weak,14.4,63.3,4420400128,3030237440,14.9,21.0,33.2,23.2,16.2,25.5,0.9,1.0,16.5
MNST,Monster Beverage Corporation,Consumer Defensive,1,weak,26.9,23.1,2195563008,1684340480,8.0,24.8,41.6,34.2,9.4,42.1,15.6,6.9,42.8
ODFL,"Old Dominion Freight Line, Inc.",Industrials,1,weak,-2.9,18.5,1407248000,861986240,6.8,21.8,43.1,32.9,7.7,42.4,-4.9,5.3,19.2
