ticker,episodes,caught,recall_%,signals,false_alarm_%,signals_per_yr
SMCI,21,11,52.4,69,79.7,17.1
DELL,21,18,85.7,76,65.8,18.8
PLTR,20,16,80.0,88,72.7,21.8
APP,20,19,95.0,98,69.4,24.3
MU,19,16,84.2,85,70.6,21.1
AXON,17,14,82.4,71,71.8,17.6
ARM,17,14,82.4,69,71.0,25.9
ENPH,17,11,64.7,54,72.2,13.4
MRVL,17,16,94.1,86,68.6,21.3
ANET,17,13,76.5,88,73.9,21.8
TSLA,17,12,70.6,71,74.6,17.6
COIN,17,16,94.1,85,71.8,21.1
TER,16,14,87.5,87,72.4,21.6
NVDA,16,15,93.8,93,69.9,23.0
ALB,16,13,81.2,63,66.7,15.6
CRWD,16,13,81.2,88,70.5,21.8
MRNA,16,9,56.2,51,74.5,12.6
INTC,16,12,75.0,71,73.2,17.6
MPWR,15,15,100.0,79,69.6,19.6
EXPE,15,9,60.0,66,80.3,16.4
DDOG,15,11,73.3,59,76.3,14.6
TTD,15,9,60.0,56,75.0,13.9
WBD,15,10,66.7,49,65.3,12.1
DECK,15,11,73.3,65,80.0,16.1
AVGO,15,15,100.0,90,66.7,22.3
TPR,15,12,80.0,77,72.7,19.1
AMD,15,14,93.3,71,69.0,17.6
JBL,14,11,78.6,78,74.4,19.3
GNRC,14,13,92.9,66,74.2,16.4
GFS,14,12,85.7,51,70.6,12.6
NEM,14,13,92.9,77,71.4,19.1
WDC,14,13,92.9,95,77.9,23.5
VST,14,11,78.6,82,74.4,20.3
FSLR,14,9,64.3,64,68.8,15.9
ON,14,12,85.7,67,76.1,16.6
TEAM,14,8,57.1,60,83.3,14.9
AMAT,14,12,85.7,85,70.6,21.1
KLAC,14,14,100.0,96,71.9,23.8
LRCX,13,13,100.0,91,74.7,22.5
ZBRA,13,9,69.2,61,78.7,15.1
ALGN,13,10,76.9,53,73.6,13.1
NCLH,13,8,61.5,69,85.5,17.1
HPE,13,8,61.5,64,81.2,15.9
UAL,13,9,69.2,74,81.1,18.3
URI,13,10,76.9,68,75.0,16.9
AES,13,8,61.5,52,75.0,12.9
FCX,13,9,69.2,67,76.1,16.6
ORCL,13,12,92.3,71,74.6,17.6
KKR,13,11,84.6,72,75.0,17.8
CCL,13,9,69.2,69,81.2,17.1
DASH,13,11,84.6,80,75.0,19.8
HWM,13,11,84.6,94,76.6,23.3
PDD,13,12,92.3,65,69.2,16.1
GEV,13,11,84.6,69,69.6,32.4
PANW,12,10,83.3,70,82.9,17.3
APA,12,10,83.3,59,71.2,14.6
NRG,12,12,100.0,83,77.1,20.6
BLDR,12,11,91.7,57,73.7,14.1
CAT,12,12,100.0,69,73.9,17.1
WSM,12,9,75.0,65,80.0,16.1
CEG,12,10,83.3,81,82.7,20.1
RCL,12,9,75.0,79,81.0,19.6
GLW,12,10,83.3,78,71.8,19.3
FICO,12,9,75.0,69,79.7,17.1
TPL,12,10,83.3,60,75.0,14.9
STX,12,11,91.7,90,76.7,22.3
ZS,11,9,81.8,75,78.7,18.6
DVA,11,8,72.7,51,78.4,12.6
META,11,11,100.0,74,73.0,18.3
CZR,11,6,54.5,48,83.3,11.9
STLD,11,9,81.8,69,79.7,17.1
BX,11,9,81.8,61,75.4,15.1
RL,11,9,81.8,70,75.7,17.3
LLY,11,9,81.8,76,80.3,18.8
LUV,11,8,72.7,55,74.5,13.6
CRL,11,9,81.8,51,74.5,12.6
NXPI,10,7,70.0,71,81.7,17.6
EL,10,5,50.0,50,88.0,12.4
KMX,10,7,70.0,49,75.5,12.1
EPAM,10,6,60.0,48,83.3,11.9
VTRS,10,10,100.0,54,68.5,13.4
FTNT,10,7,70.0,65,81.5,16.1
MELI,10,6,60.0,58,82.8,14.4
PWR,10,10,100.0,91,75.8,22.5
DAL,10,10,100.0,76,82.9,18.8
ULTA,9,6,66.7,61,86.9,15.1
GS,9,8,88.9,75,84.0,18.6
LULU,9,6,66.7,49,81.6,12.1
DHI,9,5,55.6,56,83.9,13.9
CFG,9,6,66.7,70,87.1,17.3
CE,9,7,77.8,58,87.9,14.4
KEY,9,6,66.7,60,88.3,14.9
JBHT,9,7,77.8,54,77.8,13.4
GRMN,9,8,88.9,71,84.5,17.6
SNPS,9,5,55.6,64,90.6,15.9
SWK,9,9,100.0,52,76.9,12.9
IRM,9,9,100.0,75,77.3,18.6
SYF,9,8,88.9,77,80.5,19.1
MGM,9,7,77.8,51,84.3,12.6
NFLX,9,7,77.8,73,86.3,18.1
MOH,9,4,44.4,54,88.9,13.4
VLO,9,8,88.9,59,76.3,14.6
TRGP,9,9,100.0,91,75.8,22.5
ASML,9,9,100.0,82,81.7,20.3
BKR,9,9,100.0,65,76.9,16.1
ODFL,9,6,66.7,52,86.5,12.9
NUE,9,6,66.7,64,85.9,15.9
NTAP,8,8,100.0,64,82.8,15.9
BBY,8,6,75.0,51,82.4,12.6
COF,8,7,87.5,67,80.6,16.6
BXP,8,5,62.5,56,83.9,13.9
AKAM,8,7,87.5,61,82.0,15.1
INCY,8,7,87.5,49,77.6,12.1
CARR,8,6,75.0,59,83.1,14.6
APH,8,8,100.0,92,83.7,22.8
MPC,8,8,100.0,65,80.0,16.1
MHK,8,8,100.0,45,75.6,11.2
GM,8,7,87.5,68,80.9,16.9
PAYC,8,6,75.0,47,80.9,11.6
HUM,8,3,37.5,43,88.4,10.7
ERIE,8,5,62.5,46,78.3,11.4
ETN,8,7,87.5,69,76.8,17.1
TECH,8,5,62.5,46,82.6,11.4
DLTR,8,6,75.0,55,80.0,13.6
CHTR,8,4,50.0,40,77.5,9.9
CMI,8,6,75.0,75,85.3,18.6
PHM,8,7,87.5,66,86.4,16.4
MCHP,8,5,62.5,57,91.2,14.1
LW,8,6,75.0,52,86.5,12.9
HAS,8,7,87.5,63,85.7,15.6
FDX,8,6,75.0,56,82.1,13.9
UHS,8,4,50.0,53,81.1,13.1
ABNB,8,7,87.5,57,75.4,14.1
ADI,8,8,100.0,64,82.8,15.9
QCOM,8,6,75.0,66,80.3,16.4
WAT,8,4,50.0,49,87.8,12.1
UBER,8,8,100.0,73,79.5,18.1
IVZ,8,8,100.0,71,80.3,17.6
HAL,8,8,100.0,56,76.8,13.9
KEYS,8,8,100.0,61,80.3,15.1
USB,7,6,85.7,59,79.7,14.6
EMR,7,5,71.4,67,88.1,16.6
SWKS,7,7,100.0,51,82.4,12.6
EQT,7,6,85.7,61,83.6,15.1
DE,7,6,85.7,53,79.2,13.1
HII,7,6,85.7,67,82.1,16.6
F,7,4,57.1,60,90.0,14.9
MOS,7,4,57.1,49,89.8,12.1
CVS,7,5,71.4,60,88.3,14.9
BKNG,7,6,85.7,60,80.0,14.9
C,7,7,100.0,80,85.0,19.8
BEN,7,5,71.4,51,82.4,12.6
NOW,7,6,85.7,68,86.8,16.9
BA,7,6,85.7,60,83.3,14.9
DLR,7,7,100.0,64,76.6,15.9
CNC,7,5,71.4,52,84.6,12.9
GPN,7,5,71.4,43,83.7,10.7
GWW,7,7,100.0,56,80.4,13.9
HBAN,7,7,100.0,63,84.1,15.6
IDXX,7,5,71.4,45,84.4,11.2
TGT,7,5,71.4,46,82.6,11.4
CDNS,7,6,85.7,60,85.0,14.9
WST,7,3,42.9,45,86.7,11.2
TTWO,7,6,85.7,61,82.0,15.1
WYNN,7,4,57.1,48,87.5,11.9
RF,7,6,85.7,60,86.7,14.9
IP,7,4,57.1,61,88.5,15.1
PODD,7,5,71.4,51,86.3,12.6
CPAY,7,5,71.4,67,89.6,16.6
EMN,7,5,71.4,49,83.7,12.1
SLB,7,7,100.0,54,85.2,13.4
MMM,6,5,83.3,62,85.5,15.4
LII,6,6,100.0,74,82.4,18.3
APTV,6,4,66.7,51,88.2,12.6
MKTX,6,6,100.0,40,72.5,9.9
MTB,6,5,83.3,63,87.3,15.6
AMZN,6,6,100.0,76,86.8,18.8
SBUX,6,4,66.7,48,89.6,11.9
RVTY,6,6,100.0,51,84.3,12.6
BG,6,3,50.0,63,90.5,15.6
NKE,6,3,50.0,37,91.9,9.2
TRMB,6,4,66.7,53,83.0,13.1
MTCH,6,4,66.7,48,85.4,11.9
MS,6,5,83.3,72,84.7,17.8
TXN,6,5,83.3,58,87.9,14.4
PNC,6,5,83.3,53,84.9,13.1
IFF,6,5,83.3,51,86.3,12.6
UNH,6,5,83.3,51,86.3,12.6
PSX,6,6,100.0,65,87.7,16.1
POOL,6,5,83.3,40,82.5,9.9
PYPL,6,6,100.0,47,83.0,11.6
EBAY,6,3,50.0,67,92.5,16.6
MAS,6,5,83.3,55,81.8,13.6
LVS,6,5,83.3,48,85.4,11.9
CHRW,6,5,83.3,59,86.4,14.6
DG,6,5,83.3,49,81.6,12.1
DXCM,6,3,50.0,51,92.2,12.6
CTRA,6,5,83.3,58,87.9,14.5
CRM,6,6,100.0,52,80.8,12.9
GE,6,5,83.3,94,85.1,23.3
SOLV,6,4,66.7,34,79.4,15.9
DOW,6,3,50.0,51,90.2,12.6
DVN,6,6,100.0,57,80.7,14.1
LYV,6,6,100.0,71,83.1,17.6
GOOGL,6,6,100.0,75,82.7,18.6
GOOG,6,6,100.0,73,82.2,18.1
IBM,6,5,83.3,68,86.8,16.9
LEN,6,5,83.3,51,84.3,12.6
IQV,6,6,100.0,51,84.3,12.6
GEN,6,4,66.7,58,93.1,14.4
FANG,6,5,83.3,69,84.1,17.1
FFIV,6,4,66.7,73,90.4,18.1
NTRS,5,3,60.0,65,90.8,16.1
ARE,5,4,80.0,43,90.7,10.7
BAX,5,4,80.0,45,82.2,11.2
BALL,5,4,80.0,53,84.9,13.1
SCHW,5,5,100.0,65,92.3,16.1
CAH,5,5,100.0,67,86.6,16.6
ADSK,5,4,80.0,57,87.7,14.1
ADM,5,3,60.0,51,88.2,12.6
WFC,5,5,100.0,64,87.5,15.9
TT,5,4,80.0,75,90.7,18.6
DPZ,5,5,100.0,51,88.2,12.6
PCAR,5,5,100.0,65,81.5,16.1
LDOS,5,5,100.0,71,81.7,17.6
MCK,5,5,100.0,71,87.3,17.6
FITB,5,5,100.0,68,89.7,16.9
HCA,5,4,80.0,67,92.5,16.6
ALLE,5,4,80.0,55,90.9,13.6
CF,5,4,80.0,71,87.3,17.6
PH,5,3,60.0,75,93.3,18.6
EA,5,2,40.0,55,94.5,13.6
ROK,5,4,80.0,63,88.9,15.6
NOC,5,5,100.0,52,84.6,12.9
HPQ,5,3,60.0,51,92.2,12.6
HSY,5,4,80.0,43,90.7,10.7
CTSH,5,4,80.0,47,83.0,11.6
HUBB,5,5,100.0,73,84.9,18.1
LYB,5,3,60.0,44,90.9,10.9
ISRG,5,3,60.0,61,91.8,15.1
INTU,5,5,100.0,58,84.5,14.4
RMD,5,4,80.0,45,88.9,11.2
EW,5,3,60.0,48,91.7,11.9
DD,5,5,100.0,66,86.4,16.4
AXP,4,4,100.0,69,87.0,17.1
BIIB,4,4,100.0,33,84.8,8.2
APD,4,4,100.0,55,83.6,13.6
AMT,4,4,100.0,46,84.8,11.4
VZ,4,2,50.0,53,94.3,13.1
WAB,4,3,75.0,77,90.9,19.1
RTX,4,4,100.0,69,91.3,17.1
NEE,4,4,100.0,61,85.2,15.1
AMGN,4,4,100.0,56,85.7,13.9
TROW,4,3,75.0,51,92.2,12.6
HSIC,4,3,75.0,41,82.9,10.2
GEHC,4,4,100.0,47,89.4,13.8
STT,4,4,100.0,70,92.9,17.3
GDDY,4,3,75.0,61,90.2,15.1
DOV,4,4,100.0,57,86.0,14.1
EFX,4,4,100.0,54,92.6,13.4
ES,4,4,100.0,52,86.5,12.9
SPG,4,4,100.0,68,89.7,16.9
CSGP,4,3,75.0,47,91.5,11.6
CSCO,4,3,75.0,66,89.4,16.4
OXY,4,4,100.0,51,86.3,12.6
OKE,4,4,100.0,66,87.9,16.4
MTD,4,4,100.0,45,84.4,11.2
GL,4,3,75.0,63,93.7,15.6
JCI,4,4,100.0,76,89.5,18.8
IR,4,4,100.0,64,90.6,15.9
DIS,4,4,100.0,51,90.2,12.6
TFC,4,4,100.0,66,92.4,16.4
TEL,4,4,100.0,72,91.7,17.8
CBRE,4,4,100.0,63,90.5,15.6
PM,4,3,75.0,63,95.2,15.6
PLD,4,3,75.0,51,92.2,12.6
EOG,4,4,100.0,61,82.0,15.1
CMG,4,4,100.0,57,91.2,14.1
PPG,4,3,75.0,50,92.0,12.4
PNR,4,4,100.0,58,91.4,14.4
PTC,4,4,100.0,51,90.2,12.6
WDAY,4,3,75.0,46,93.5,11.4
A,3,3,100.0,52,88.5,12.9
AAPL,3,2,66.7,68,92.6,16.9
ADBE,3,2,66.7,47,93.6,11.6
REGN,3,3,100.0,49,89.8,12.1
VMC,3,2,66.7,53,92.5,13.1
TMO,3,3,100.0,46,89.1,11.4
TYL,3,3,100.0,46,89.1,11.4
LMT,3,3,100.0,61,93.4,15.1
GPC,3,2,66.7,44,93.2,10.9
LHX,3,3,100.0,65,93.8,16.1
KVUE,3,2,66.7,43,93.0,14.2
IEX,3,3,100.0,48,91.7,11.9
AMP,3,2,66.7,61,91.8,15.1
ALL,3,3,100.0,64,89.1,15.9
AOS,3,3,100.0,51,90.2,12.6
MAR,3,3,100.0,66,92.4,16.4
RJF,3,2,66.7,66,95.5,16.4
VRTX,3,2,66.7,56,94.6,13.9
VTR,3,3,100.0,64,89.1,15.9
NWS,3,2,66.7,63,95.2,15.6
NSC,3,3,100.0,54,94.4,13.4
WMB,3,3,100.0,78,91.0,19.3
BK,3,1,33.3,78,96.2,19.3
WRB,3,3,100.0,70,91.4,17.3
WMT,3,2,66.7,81,96.3,20.1
STE,3,3,100.0,39,87.2,9.7
ROST,3,3,100.0,64,92.2,15.9
MET,3,2,66.7,66,95.5,16.4
MLM,3,3,100.0,71,88.7,17.6
MNST,3,3,100.0,56,94.6,13.9
SBAC,3,2,66.7,41,95.1,10.2
EXE,3,3,100.0,64,93.8,15.9
EXR,3,2,66.7,55,94.5,13.6
HST,3,2,66.7,56,94.6,13.9
DRI,3,3,100.0,53,90.6,13.1
GILD,3,3,100.0,64,92.2,15.9
FAST,3,3,100.0,57,86.0,14.1
FDS,3,2,66.7,45,95.6,11.2
KMI,3,3,100.0,74,91.9,18.3
CLX,3,3,100.0,41,92.7,10.2
CBOE,3,3,100.0,70,94.3,17.3
CCI,3,3,100.0,40,90.0,9.9
COP,3,3,100.0,58,86.2,14.4
EQIX,3,3,100.0,57,91.2,14.1
ELV,3,1,33.3,48,95.8,11.9
CDW,3,1,33.3,45,95.6,11.2
DOC,3,2,66.7,54,94.4,13.4
CPRT,3,3,100.0,52,90.4,12.9
CTVA,3,2,66.7,60,95.0,14.9
NDSN,2,1,50.0,60,93.3,14.9
LKQ,2,2,100.0,45,95.6,11.2
PGR,2,2,100.0,64,90.6,15.9
PKG,2,1,50.0,68,94.1,16.9
LOW,2,2,100.0,53,94.3,13.1
KR,2,2,100.0,49,93.9,12.1
UPS,2,2,100.0,48,93.8,11.9
VLTO,2,2,100.0,43,95.3,16.5
XYL,2,2,100.0,53,94.3,13.1
XOM,2,2,100.0,59,91.5,14.6
ABBV,2,2,100.0,63,95.2,15.6
ACGL,2,2,100.0,61,95.1,15.1
MCO,2,2,100.0,70,95.7,17.3
MDLZ,2,2,100.0,40,95.0,9.9
PSA,2,2,100.0,56,91.1,13.9
PFG,2,1,50.0,66,98.5,16.4
TMUS,2,1,50.0,58,98.3,14.4
TXT,2,1,50.0,61,96.7,15.1
UNP,2,2,100.0,53,92.5,13.1
ZTS,2,2,100.0,38,94.7,9.4
IT,2,2,100.0,53,94.3,13.1
INVH,2,2,100.0,46,93.5,11.4
PCG,2,2,100.0,52,96.2,12.9
MRK,2,2,100.0,52,94.2,12.9
MSFT,2,1,50.0,54,98.1,13.4
MSI,2,2,100.0,58,94.8,14.4
SRE,2,1,50.0,58,96.6,14.4
SHW,2,1,50.0,50,98.0,12.4
SJM,2,2,100.0,38,94.7,9.4
SNA,2,2,100.0,66,95.5,16.4
TDG,2,2,100.0,73,95.9,18.1
SPGI,2,1,50.0,63,98.4,15.6
JKHY,2,2,100.0,49,93.9,12.1
JPM,2,1,50.0,77,96.1,19.1
FIS,2,2,100.0,51,94.1,12.6
HOLX,2,0,0.0,44,100.0,11.2
HON,2,1,50.0,57,96.5,14.1
T,2,1,50.0,66,98.5,16.4
KIM,2,2,100.0,55,94.5,13.6
FOXA,2,2,100.0,65,93.8,16.1
TDY,2,2,100.0,56,92.9,13.9
DHR,2,2,100.0,52,94.2,12.9
COO,2,1,50.0,41,97.6,10.2
CSX,2,2,100.0,63,92.1,15.6
COST,2,2,100.0,71,94.4,17.6
COR,2,2,100.0,71,91.5,17.6
NWSA,2,1,50.0,61,98.4,15.1
BLK,2,1,50.0,63,98.4,15.6
BMY,2,2,100.0,45,93.3,11.2
BAC,2,2,100.0,74,95.9,18.3
WELL,2,2,100.0,84,96.4,20.8
WY,2,2,100.0,42,92.9,10.4
VRSN,2,2,100.0,56,91.1,13.9
VRSK,2,2,100.0,56,96.4,13.9
AIZ,1,1,100.0,55,96.4,13.6
AMCR,1,1,100.0,44,93.2,10.9
NVR,1,1,100.0,58,98.3,14.4
O,1,1,100.0,60,98.3,14.9
AME,1,1,100.0,66,98.5,16.4
OMC,1,0,0.0,57,100.0,14.1
WTW,1,1,100.0,58,98.3,14.4
ITW,1,1,100.0,51,96.1,12.6
ROL,1,0,0.0,62,100.0,15.4
HD,1,1,100.0,51,96.1,12.6
KHC,1,1,100.0,37,94.6,9.2
KDP,1,1,100.0,57,94.7,14.1
JNJ,1,1,100.0,59,96.6,14.6
HLT,1,1,100.0,73,98.6,18.1
HIG,1,1,100.0,73,97.3,18.1
MDT,1,1,100.0,51,98.0,12.6
MA,1,1,100.0,63,98.4,15.6
MO,1,1,100.0,68,97.1,16.9
MSCI,1,1,100.0,47,97.9,11.6
NDAQ,1,1,100.0,73,97.3,18.1
PEP,1,1,100.0,36,97.2,8.9
HRL,1,1,100.0,39,97.4,9.7
PNW,1,1,100.0,59,98.3,14.6
J,1,1,100.0,56,96.4,13.9
CL,1,1,100.0,59,96.6,14.6
CME,1,1,100.0,63,95.2,15.6
CMCSA,1,1,100.0,41,95.1,10.2
AWK,1,1,100.0,43,95.3,10.7
AVY,1,1,100.0,50,98.0,12.4
AZO,1,1,100.0,60,96.7,14.9
AEE,1,1,100.0,63,98.4,15.6
TSN,1,1,100.0,51,98.0,12.6
UDR,1,1,100.0,51,98.0,12.6
TSCO,1,1,100.0,49,95.9,12.1
TJX,1,1,100.0,69,97.1,17.1
CVX,1,1,100.0,61,98.4,15.1
DGX,1,1,100.0,57,96.5,14.1
DTE,1,1,100.0,64,96.9,15.9
ECL,1,1,100.0,71,97.2,17.6
ED,1,1,100.0,55,96.4,13.6
EIX,1,1,100.0,59,94.9,14.6
ESS,1,1,100.0,49,95.9,12.1
D,1,1,100.0,59,98.3,14.6
CPT,1,1,100.0,48,97.9,11.9
ETR,1,1,100.0,64,95.3,15.9
TAP,1,1,100.0,42,97.6,10.4
SYY,1,1,100.0,49,95.9,12.1
SYK,1,1,100.0,52,98.1,12.9
STZ,1,1,100.0,47,97.9,11.6
FOX,1,1,100.0,68,97.1,16.9
FTV,1,1,100.0,51,96.1,12.6
EXPD,1,0,0.0,65,100.0,16.1
ICE,1,1,100.0,66,97.0,16.4
ABT,1,1,100.0,45,97.8,11.2
ADP,1,1,100.0,55,96.4,13.6
YUM,1,1,100.0,56,98.2,13.9
AEP,1,1,100.0,62,96.8,15.4
CAG,1,0,0.0,31,100.0,7.7
BSX,1,1,100.0,72,98.6,17.8
CHD,1,1,100.0,48,93.8,11.9
CCEP,1,1,100.0,64,98.4,15.9
CI,1,0,0.0,54,100.0,13.4
KO,0,0,,51,100.0,12.6
L,0,0,,72,100.0,17.8
LH,0,0,,51,100.0,12.6
LNT,0,0,,61,100.0,15.1
PEG,0,0,,55,100.0,13.6
MKC,0,0,,44,100.0,10.9
PFE,0,0,,41,100.0,10.2
WM,0,0,,61,100.0,15.1
WEC,0,0,,64,100.0,15.9
AFL,0,0,,66,100.0,16.4
AIG,0,0,,69,100.0,17.1
AJG,0,0,,66,100.0,16.4
AON,0,0,,51,100.0,12.6
ATO,0,0,,61,100.0,15.1
AVB,0,0,,51,100.0,12.6
NI,0,0,,67,100.0,16.6
ORLY,0,0,,57,100.0,14.1
VICI,0,0,,46,100.0,11.4
V,0,0,,66,100.0,16.4
OTIS,0,0,,53,100.0,13.1
MCD,0,0,,51,100.0,12.6
MAA,0,0,,45,100.0,11.2
PAYX,0,0,,52,100.0,12.9
KMB,0,0,,41,100.0,10.2
PPL,0,0,,69,100.0,17.1
PG,0,0,,55,100.0,13.6
REG,0,0,,59,100.0,14.6
PRU,0,0,,63,100.0,15.6
LIN,0,0,,56,100.0,13.9
EG,0,0,,51,100.0,12.6
DUK,0,0,,62,100.0,15.4
GD,0,0,,63,100.0,15.6
FRT,0,0,,53,100.0,13.1
EXC,0,0,,53,100.0,13.1
FE,0,0,,60,100.0,14.9
SO,0,0,,59,100.0,14.6
RSG,0,0,,59,100.0,14.6
ROP,0,0,,48,100.0,11.9
GIS,0,0,,34,100.0,8.4
CTAS,0,0,,61,100.0,15.1
CPB,0,0,,36,100.0,8.9
EVRG,0,0,,64,100.0,15.9
EQR,0,0,,61,100.0,15.1
CNP,0,0,,68,100.0,16.9
CMS,0,0,,63,100.0,15.6
CINF,0,0,,59,100.0,14.6
AZN,0,0,,57,100.0,14.1
BRO,0,0,,66,100.0,16.4
BR,0,0,,54,100.0,13.4
BDX,0,0,,44,100.0,10.9
CB,0,0,,62,100.0,15.4
TRV,0,0,,67,100.0,16.6
XEL,0,0,,60,100.0,14.9
ZBH,0,0,,48,100.0,11.9
ACN,0,0,,53,100.0,13.1
